provider_specialty,adjudicated,denied,denial_rate,ci_low,ci_high,denied_usd,recoverable_usd,share_of_denied_usd,avg_billed_usd
Orthopedic_Surgery,9924,2940,0.2963,0.2873,0.3053,23392032.0,10383826.0,0.3155,8118.0
Cardiology,11216,3365,0.3,0.2916,0.3086,12877425.0,5539815.0,0.1737,3789.0
Obstetrics_Gynecology,5508,1698,0.3083,0.2962,0.3206,8446773.0,3708038.0,0.1139,5034.0
Emergency_Medicine,15540,4695,0.3021,0.295,0.3094,6008069.0,2623166.0,0.081,1286.0
Oncology,7825,2410,0.308,0.2979,0.3183,5957290.0,2582960.0,0.0804,2460.0
Gastroenterology,6908,2094,0.3031,0.2924,0.3141,5896587.0,2628374.0,0.0795,2827.0
Radiology,7897,2350,0.2976,0.2876,0.3078,4520836.0,2021763.0,0.061,1916.0
Neurology,6545,1998,0.3053,0.2942,0.3165,2416563.0,1004131.0,0.0326,1219.0
Pulmonology,5665,1733,0.3059,0.294,0.318,2048688.0,881399.0,0.0276,1218.0
Internal_Medicine,13368,3997,0.299,0.2913,0.3068,1114807.0,492290.0,0.015,280.0
Behavioral_Health,8715,2615,0.3001,0.2905,0.3098,654522.0,288964.0,0.0088,250.0
Primary_Care,6798,2075,0.3052,0.2944,0.3163,537003.0,234475.0,0.0072,260.0
Physical_Therapy,5603,1694,0.3023,0.2905,0.3145,261773.0,116095.0,0.0035,155.0
