cpt_code,claims,adjudicated,denied,denial_rate,ci_low,ci_high,denied_usd,recoverable_usd,share_of_denied_usd,rank_denied_usd
27447,2215,2061,597,0.2897,0.2705,0.3096,14148750.0,6307676.0,0.1909,1
93454,2456,2290,694,0.3031,0.2846,0.3222,7664225.0,3275478.0,0.1034,2
59400,1810,1688,523,0.3098,0.2882,0.3323,5337628.0,2339117.0,0.072,3
29827,2150,1997,566,0.2834,0.2641,0.3036,4947979.0,2126829.0,0.0667,4
29881,2069,1918,592,0.3087,0.2884,0.3297,3994923.0,1817289.0,0.0539,5
93280,2354,2183,680,0.3115,0.2924,0.3312,3168890.0,1353490.0,0.0427,6
58150,1160,1084,320,0.2952,0.2688,0.323,2815705.0,1235736.0,0.038,7
77301,1693,1558,489,0.3139,0.2913,0.3373,2365675.0,1059819.0,0.0319,8
45378,2267,2105,651,0.3093,0.2899,0.3293,1994270.0,867279.0,0.0269,9
96413,2575,2393,735,0.3071,0.289,0.3259,1959858.0,832793.0,0.0264,10
99285,3394,3160,972,0.3076,0.2917,0.3239,1731984.0,759443.0,0.0234,11
93306,2442,2267,663,0.2925,0.2741,0.3115,1696667.0,760747.0,0.0229,12
31623,1236,1147,343,0.299,0.2733,0.3262,1660608.0,708240.0,0.0224,13
43239,1456,1374,402,0.2926,0.2691,0.3172,1630323.0,732728.0,0.022,14
99284,4992,4620,1387,0.3002,0.2872,0.3136,1572593.0,686709.0,0.0212,15
99291,1750,1623,491,0.3025,0.2807,0.3253,1548396.0,689950.0,0.0209,16
43235,1483,1370,403,0.2942,0.2706,0.3188,1375114.0,618425.0,0.0185,17
38220,1261,1183,375,0.317,0.2911,0.3441,1354160.0,568919.0,0.0183,18
99214,16819,15628,4689,0.3,0.2929,0.3073,1337591.0,586859.0,0.018,19
70553,1737,1617,490,0.303,0.2811,0.3259,1278195.0,579649.0,0.0172,20
78452,1686,1576,459,0.2912,0.2693,0.3142,1268418.0,571154.0,0.0171,21
64483,1433,1334,394,0.2954,0.2715,0.3204,1207265.0,484224.0,0.0163,22
99283,4971,4625,1409,0.3046,0.2916,0.3181,1068806.0,449181.0,0.0144,23
74177,1693,1562,480,0.3073,0.2849,0.3306,947831.0,420829.0,0.0128,24
99215,7515,6933,2154,0.3107,0.2999,0.3217,819543.0,359629.0,0.0111,25
45380,711,668,207,0.3099,0.276,0.346,774315.0,354070.0,0.0104,26
72148,1630,1525,436,0.2859,0.2638,0.3091,760201.0,330828.0,0.0103,27
95819,1426,1306,397,0.304,0.2796,0.3295,671524.0,285154.0,0.0091,28
99213,11509,10703,3281,0.3065,0.2979,0.3154,656699.0,287422.0,0.0089,29
71046,1725,1617,485,0.2999,0.2781,0.3227,266191.0,119303.0,0.0036,30
95886,701,646,184,0.2848,0.2514,0.3208,203132.0,89458.0,0.0027,31
90837,2809,2600,772,0.2969,0.2797,0.3148,191474.0,82971.0,0.0026,32
20610,2157,2006,604,0.3011,0.2814,0.3215,181859.0,80782.0,0.0025,33
90791,1893,1770,522,0.2949,0.2741,0.3166,181547.0,79385.0,0.0024,34
76805,1208,1121,362,0.3229,0.2962,0.3509,171378.0,78200.0,0.0023,35
93000,2384,2216,660,0.2978,0.2792,0.3172,156862.0,67397.0,0.0021,36
90834,2816,2625,794,0.3025,0.2852,0.3203,155563.0,71441.0,0.0021,37
99233,1395,1296,387,0.2986,0.2743,0.3241,126704.0,57466.0,0.0017,38
99396,1494,1399,421,0.3009,0.2775,0.3255,106313.0,47025.0,0.0014,39
94726,1204,1127,337,0.299,0.273,0.3264,94239.0,42987.0,0.0013,40
99232,1463,1358,376,0.2769,0.2537,0.3013,88636.0,39175.0,0.0012,41
97530,1820,1684,492,0.2922,0.2709,0.3143,84759.0,37602.0,0.0011,42
97110,1765,1634,506,0.3097,0.2877,0.3325,76463.0,33073.0,0.001,43
H0001,926,863,255,0.2955,0.266,0.3268,72232.0,32167.0,0.001,44
94010,1180,1101,329,0.2988,0.2725,0.3265,69664.0,31556.0,0.0009,45
97140,1231,1137,347,0.3052,0.2791,0.3326,56310.0,25057.0,0.0008,46
99391,714,666,203,0.3048,0.271,0.3408,46669.0,20223.0,0.0006,47
97012,636,601,195,0.3245,0.2882,0.3629,23605.0,11029.0,0.0003,48
97035,586,547,154,0.2815,0.2455,0.3206,20636.0,9335.0,0.0003,49
