dx_chapter,adjudicated,denied,denial_rate,ci_low,ci_high,denied_usd,recoverable_usd,share_of_denied_usd
Circulatory,20491,6067,0.2961,0.2899,0.3024,13304200.0,5903010.0,0.1795
Musculoskeletal,14361,4427,0.3083,0.3008,0.3159,9923036.0,4291785.0,0.1339
Endocrine/metabolic,15611,4606,0.295,0.2879,0.3023,9855256.0,4245532.0,0.1329
Mental/behavioral,14605,4425,0.303,0.2956,0.3105,9494156.0,4139359.0,0.1281
Respiratory,13408,4081,0.3044,0.2966,0.3122,9056309.0,4049877.0,0.1222
Nervous system,8646,2616,0.3026,0.293,0.3123,5747432.0,2539977.0,0.0775
Neoplasms,7379,2224,0.3014,0.291,0.312,5058751.0,2207715.0,0.0682
Digestive,7349,2216,0.3015,0.2912,0.3121,4927290.0,2165131.0,0.0665
Health status/encounters,2405,760,0.316,0.2977,0.3349,1757758.0,783520.0,0.0237
Infectious,2348,753,0.3207,0.3021,0.3399,1742414.0,740143.0,0.0235
Pregnancy,2409,734,0.3047,0.2866,0.3234,1641515.0,716681.0,0.0221
Injury,2500,755,0.302,0.2843,0.3203,1624250.0,722568.0,0.0219
